review_id,actual_stars,v1_predicted_stars,v1_valid_json,v1_explanation,v1_raw_output,v2_predicted_stars,v2_valid_json,v2_explanation,v2_raw_output,v3_predicted_stars,v3_valid_json,v3_explanation,v3_raw_output
0,4,4,True,Mostly positive with minor issues,"{""predicted_stars"": 4, ""explanation"": ""Mostly positive with minor issues""}",4,True,Friendly service,"{""predicted_stars"": 4, ""explanation"": ""Friendly service""}",4,True,Positive experience with minor concerns,"{""predicted_stars"": 4, ""explanation"": ""Positive experience with minor concerns""}"
1,5,5,True,Reviewer highly recommends the dish.,"{""predicted_stars"": 5, ""explanation"": ""Reviewer highly recommends the dish.""}",5,True,Excellent review,"{""predicted_stars"": 5, ""explanation"": ""Excellent review""}",5,True,Strongly positive review,"{""predicted_stars"": 5, ""explanation"": ""Strongly positive review""}"
2,3,4,True,Mostly positive with minor issues,"{""predicted_stars"": 4, ""explanation"": ""Mostly positive with minor issues""}",4,True,Good food and service.,"{""predicted_stars"": 4, ""explanation"": ""Good food and service.""}",4,True,Positive experience with routine visits,"{""predicted_stars"": 4, ""explanation"": ""Positive experience with routine visits""}"
3,1,1,True,Very negative experience,"{""predicted_stars"": 1, ""explanation"": ""Very negative experience""}",1,True,Extremely negative experience,"{""predicted_stars"": 1, ""explanation"": ""Extremely negative experience""}",1,True,Extremely negative experience with unacceptable service,"{""predicted_stars"": 1, ""explanation"": ""Extremely negative experience with unacceptable service""}"
4,5,5,True,Reviewer loved the place and food.,"{""predicted_stars"": 5, ""explanation"": ""Reviewer loved the place and food.""}",5,True,Strongly recommended,"{""predicted_stars"": 5, ""explanation"": ""Strongly recommended""}",5,True,Strongly positive experience,"{""predicted_stars"": 5, ""explanation"": ""Strongly positive experience""}"
5,4,4,True,Mostly positive with minor issues,"{""predicted_stars"": 4, ""explanation"": ""Mostly positive with minor issues""}",4,True,Minor complaints only,"{""predicted_stars"": 4, ""explanation"": ""Minor complaints only""}",5,True,Very positive experience with minor issues.,"{""predicted_stars"": 5, ""explanation"": ""Very positive experience with minor issues.""}"
6,4,4,True,Mostly positive with minor issues,"{""predicted_stars"": 4, ""explanation"": ""Mostly positive with minor issues""}",4,True,Good food quality,"{""predicted_stars"": 4, ""explanation"": ""Good food quality""}",4,True,Good food and happy hour with minor service issues.,"{""predicted_stars"": 4, ""explanation"": ""Good food and happy hour with minor service issues.""}"
7,4,5,True,Reviewer uses very positive language.,"{""predicted_stars"": 5, ""explanation"": ""Reviewer uses very positive language.""}",5,True,Reviewer loves everything,"{""predicted_stars"": 5, ""explanation"": ""Reviewer loves everything""}",5,True,Very positive review,"{""predicted_stars"": 5, ""explanation"": ""Very positive review""}"
8,5,5,True,Reviewer loves the place and food.,"{""predicted_stars"": 5, ""explanation"": ""Reviewer loves the place and food.""}",5,True,Excellent experience overall.,"{""predicted_stars"": 5, ""explanation"": ""Excellent experience overall.""}",5,True,Very positive experience with great food,"{""predicted_stars"": 5, ""explanation"": ""Very positive experience with great food""}"
9,1,1,True,Very negative experience,"{""predicted_stars"": 1, ""explanation"": ""Very negative experience""}",1,True,Very poor service and food,"{""predicted_stars"": 1, ""explanation"": ""Very poor service and food""}",1,True,Very negative experience with poor food quality,"{""predicted_stars"": 1, ""explanation"": ""Very negative experience with poor food quality""}"
10,4,5,True,Excellent service and good food.,"{""predicted_stars"": 5, ""explanation"": ""Excellent service and good food.""}",5,True,Excellent service and food,"{""predicted_stars"": 5, ""explanation"": ""Excellent service and food""}",5,True,Very positive experience with no complaints.,"{""predicted_stars"": 5, ""explanation"": ""Very positive experience with no complaints.""}"
11,5,5,True,Extremely positive review,"{""predicted_stars"": 5, ""explanation"": ""Extremely positive review""}",5,True,Excellent overall experience,"{""predicted_stars"": 5, ""explanation"": ""Excellent overall experience""}",5,True,Very positive experience with great atmosphere,"{""predicted_stars"": 5, ""explanation"": ""Very positive experience with great atmosphere""}"
12,3,5,True,Reviewer is extremely enthusiastic,"{""predicted_stars"": 5, ""explanation"": ""Reviewer is extremely enthusiastic""}",5,True,Reviewer loves product,"{""predicted_stars"": 5, ""explanation"": ""Reviewer loves product""}",5,True,Very positive tone,"{""predicted_stars"": 5, ""explanation"": ""Very positive tone""}"
13,4,4,True,Mostly positive with minor issues,"{""predicted_stars"": 4, ""explanation"": ""Mostly positive with minor issues""}",4,True,Minor complaints exist,"{
    ""predicted_stars"": 4,
    ""explanation"": ""Minor complaints exist""
}",4,True,Mostly positive experience with minor staff issue.,"{""predicted_stars"": 4, ""explanation"": ""Mostly positive experience with minor staff issue.""}"
14,5,5,True,Excellent service and support.,"{""predicted_stars"": 5, ""explanation"": ""Excellent service and support.""}",5,True,Excellent service,"{""predicted_stars"": 5, ""explanation"": ""Excellent service""}",5,True,Very helpful and supportive service,"{""predicted_stars"": 5, ""explanation"": ""Very helpful and supportive service""}"
15,2,3,True,Mixed review with average food,"{""predicted_stars"": 3, ""explanation"": ""Mixed review with average food""}",3,True,Average food and high prices,"{""predicted_stars"": 3, ""explanation"": ""Average food and high prices""}",3,True,Average experience with mixed positives and negatives.,"{""predicted_stars"": 3, ""explanation"": ""Average experience with mixed positives and negatives.""}"
16,4,2,True,Reviewer had negative experience,"{""predicted_stars"": 2, ""explanation"": ""Reviewer had negative experience""}",2,True,Major issues with service,"{""predicted_stars"": 2, ""explanation"": ""Major issues with service""}",2,True,Negative experience with multiple issues,"{""predicted_stars"": 2, ""explanation"": ""Negative experience with multiple issues""}"
17,4,5,True,Reviewer had a great experience,"{""predicted_stars"": 5, ""explanation"": ""Reviewer had a great experience""}",5,True,Excellent experience,"{""predicted_stars"": 5, ""explanation"": ""Excellent experience""}",5,True,Very positive review with helpful tip,"{""predicted_stars"": 5, ""explanation"": ""Very positive review with helpful tip""}"
18,5,5,True,Reviewer uses very positive language.,"{""predicted_stars"": 5, ""explanation"": ""Reviewer uses very positive language.""}",5,True,"Great food, no complaints.","{""predicted_stars"": 5, ""explanation"": ""Great food, no complaints.""}",5,True,Very positive review with strong praise,"{""predicted_stars"": 5, ""explanation"": ""Very positive review with strong praise""}"
19,5,4,True,Convenient airport with minor issues,"{""predicted_stars"": 4, ""explanation"": ""Convenient airport with minor issues""}",4,True,Convenient airport,"{""predicted_stars"": 4, ""explanation"": ""Convenient airport""}",4,True,Convenient airport with minor limitations,"{""predicted_stars"": 4, ""explanation"": ""Convenient airport with minor limitations""}"
20,5,5,True,Excellent experience with minor suggestions,"{""predicted_stars"": 5, ""explanation"": ""Excellent experience with minor suggestions""}",5,True,Excellent food quality,"{""predicted_stars"": 5, ""explanation"": ""Excellent food quality""}",5,True,Excellent experience with minor suggestions,"{""predicted_stars"": 5, ""explanation"": ""Excellent experience with minor suggestions""}"
21,5,5,True,Excellent food and great value,"{""predicted_stars"": 5, ""explanation"": ""Excellent food and great value""}",5,True,Great food and service,"{""predicted_stars"": 5, ""explanation"": ""Great food and service""}",5,True,Excellent food and service with great value,"{""predicted_stars"": 5, ""explanation"": ""Excellent food and service with great value""}"
22,1,1,True,Very negative experience,"{""predicted_stars"": 1, ""explanation"": ""Very negative experience""}",1,True,"Rude staff, overpriced","{
    ""predicted_stars"": 1,
    ""explanation"": ""Rude staff, overpriced""
}",1,True,Extremely negative experience with multiple issues,"{""predicted_stars"": 1, ""explanation"": ""Extremely negative experience with multiple issues""}"
23,4,4,True,Mostly positive with minor issues,"{""predicted_stars"": 4, ""explanation"": ""Mostly positive with minor issues""}",4,True,"Great service, minor complaints","{""predicted_stars"": 4, ""explanation"": ""Great service, minor complaints""}",4,True,Generally positive with minor issues,"{""predicted_stars"": 4, ""explanation"": ""Generally positive with minor issues""}"
24,4,5,True,Extremely positive review,"{""predicted_stars"": 5, ""explanation"": ""Extremely positive review""}",5,True,Excellent food and service,"{
    ""predicted_stars"": 5,
    ""explanation"": ""Excellent food and service""
}",5,True,Excellent experience with great food,"{""predicted_stars"": 5, ""explanation"": ""Excellent experience with great food""}"
25,4,4,True,Mostly positive with minor issues,"{""predicted_stars"": 4, ""explanation"": ""Mostly positive with minor issues""}",4,True,Good food and value.,"{""predicted_stars"": 4, ""explanation"": ""Good food and value.""}",4,True,Good experience with satisfying food,"{""predicted_stars"": 4, ""explanation"": ""Good experience with satisfying food""}"
26,1,2,True,Reviewer mentions very high prices.,"{""predicted_stars"": 2, ""explanation"": ""Reviewer mentions very high prices.""}",2,True,High prices,"{""predicted_stars"": 2, ""explanation"": ""High prices""}",2,True,Negative review due to high prices,"{""predicted_stars"": 2, ""explanation"": ""Negative review due to high prices""}"
27,4,4,True,Mostly positive with minor issues,"{""predicted_stars"": 4, ""explanation"": ""Mostly positive with minor issues""}",4,True,Minor complaints exist,"{""predicted_stars"": 4, ""explanation"": ""Minor complaints exist""}",4,True,Generally positive with minor price complaints,"{""predicted_stars"": 4, ""explanation"": ""Generally positive with minor price complaints""}"
28,2,3,True,Mixed review with both positives and negatives.,"{""predicted_stars"": 3, ""explanation"": ""Mixed review with both positives and negatives.""}",2,True,Multiple complaints exist,"{""predicted_stars"": 2, ""explanation"": ""Multiple complaints exist""}",2,True,Mixed experience with several issues,"{""predicted_stars"": 2, ""explanation"": ""Mixed experience with several issues""}"
29,2,1,True,Very poor service experience,"{""predicted_stars"": 1, ""explanation"": ""Very poor service experience""}",2,True,Poor service,"{""predicted_stars"": 2, ""explanation"": ""Poor service""}",2,True,Multiple service issues and poor experience,"{""predicted_stars"": 2, ""explanation"": ""Multiple service issues and poor experience""}"
30,1,1,True,Very negative review,"{""predicted_stars"": 1, ""explanation"": ""Very negative review""}",1,True,Very negative experience,"{""predicted_stars"": 1, ""explanation"": ""Very negative experience""}",1,True,Extremely negative experience with bad food,"{""predicted_stars"": 1, ""explanation"": ""Extremely negative experience with bad food""}"
31,1,1,True,Very negative experience,"{""predicted_stars"": 1, ""explanation"": ""Very negative experience""}",1,True,Extremely negative experience,"{""predicted_stars"": 1, ""explanation"": ""Extremely negative experience""}",1,True,Extremely negative experience with multiple issues,"{""predicted_stars"": 1, ""explanation"": ""Extremely negative experience with multiple issues""}"
32,3,4,True,Mostly positive with minor issues,"{""predicted_stars"": 4, ""explanation"": ""Mostly positive with minor issues""}",4,True,"Good food, minor complaints","{
    ""predicted_stars"": 4,
    ""explanation"": ""Good food, minor complaints""
}",4,True,Good food with minor issues,"{""predicted_stars"": 4, ""explanation"": ""Good food with minor issues""}"
33,4,5,True,Extremely positive review,"{""predicted_stars"": 5, ""explanation"": ""Extremely positive review""}",5,True,Reviewer loved everything,"{""predicted_stars"": 5, ""explanation"": ""Reviewer loved everything""}",5,True,Extremely positive review with no complaints.,"{""predicted_stars"": 5, ""explanation"": ""Extremely positive review with no complaints.""}"
34,5,5,True,Extremely positive review.,"{""predicted_stars"": 5, ""explanation"": ""Extremely positive review.""}",5,True,Clean and efficient,"{""predicted_stars"": 5, ""explanation"": ""Clean and efficient""}",5,True,Exceptional cleanliness and service,"{""predicted_stars"": 5, ""explanation"": ""Exceptional cleanliness and service""}"
35,5,5,True,Reviewer praises shop's vibe and staff.,"{""predicted_stars"": 5, ""explanation"": ""Reviewer praises shop's vibe and staff.""}",5,True,Strongly recommended,"{""predicted_stars"": 5, ""explanation"": ""Strongly recommended""}",5,True,Very positive experience with friendly staff,"{""predicted_stars"": 5, ""explanation"": ""Very positive experience with friendly staff""}"
36,5,5,True,Reviewer loves the sandwiches.,"{""predicted_stars"": 5, ""explanation"": ""Reviewer loves the sandwiches.""}",5,True,Excellent food quality,"{""predicted_stars"": 5, ""explanation"": ""Excellent food quality""}",5,True,Extremely positive review,"{""predicted_stars"": 5, ""explanation"": ""Extremely positive review""}"
37,5,4,True,Mostly positive with minor issues,"{""predicted_stars"": 4, ""explanation"": ""Mostly positive with minor issues""}",4,True,"Good food, minor complaints","{
    ""predicted_stars"": 4,
    ""explanation"": ""Good food, minor complaints""
}",4,True,"Good food, minor issues with wait and portion size","{""predicted_stars"": 4, ""explanation"": ""Good food, minor issues with wait and portion size""}"
38,4,4,True,Mostly positive with minor issues,"{""predicted_stars"": 4, ""explanation"": ""Mostly positive with minor issues""}",4,True,"Great food, minor complaints","{""predicted_stars"": 4, ""explanation"": ""Great food, minor complaints""}",4,True,Generally positive with minor ordering style issue,"{""predicted_stars"": 4, ""explanation"": ""Generally positive with minor ordering style issue""}"
39,2,1,True,Very negative review with wasted money.,"{""predicted_stars"": 1, ""explanation"": ""Very negative review with wasted money.""}",1,True,Extremely negative experience,"{""predicted_stars"": 1, ""explanation"": ""Extremely negative experience""}",1,True,Very negative experience,"{""predicted_stars"": 1, ""explanation"": ""Very negative experience""}"
40,3,2,True,Mostly negative review,"{""predicted_stars"": 2, ""explanation"": ""Mostly negative review""}",2,True,Mostly negative experience,"{""predicted_stars"": 2, ""explanation"": ""Mostly negative experience""}",2,True,Mostly negative experience with multiple issues,"{""predicted_stars"": 2, ""explanation"": ""Mostly negative experience with multiple issues""}"
41,1,1,True,Very negative experience,"{""predicted_stars"": 1, ""explanation"": ""Very negative experience""}",1,True,Bad food and service issues,"{""predicted_stars"": 1, ""explanation"": ""Bad food and service issues""}",1,True,Extremely negative experience with bad food and service,"{""predicted_stars"": 1, ""explanation"": ""Extremely negative experience with bad food and service""}"
42,1,2,True,Mostly negative review,"{""predicted_stars"": 2, ""explanation"": ""Mostly negative review""}",2,True,Major complaints,"{""predicted_stars"": 2, ""explanation"": ""Major complaints""}",2,True,Mostly negative experience with multiple issues,"{""predicted_stars"": 2, ""explanation"": ""Mostly negative experience with multiple issues""}"
43,3,4,True,Mixed experience with great views,"{""predicted_stars"": 4, ""explanation"": ""Mixed experience with great views""}",3,True,Mixed feelings about hike,"{""predicted_stars"": 3, ""explanation"": ""Mixed feelings about hike""}",2,True,Mixed experience with several issues,"{""predicted_stars"": 2, ""explanation"": ""Mixed experience with several issues""}"
44,4,5,True,Extremely positive review with minor price concern.,"{""predicted_stars"": 5, ""explanation"": ""Extremely positive review with minor price concern.""}",5,True,Great food and service.,"{""predicted_stars"": 5, ""explanation"": ""Great food and service.""}",5,True,Excellent experience with great food and service.,"{""predicted_stars"": 5, ""explanation"": ""Excellent experience with great food and service.""}"
45,4,5,True,Reviewer loved the food and staff.,"{""predicted_stars"": 5, ""explanation"": ""Reviewer loved the food and staff.""}",5,True,Excellent food and service,"{""predicted_stars"": 5, ""explanation"": ""Excellent food and service""}",5,True,Excellent experience with great food and service,"{""predicted_stars"": 5, ""explanation"": ""Excellent experience with great food and service""}"
46,4,5,True,Very positive review,"{""predicted_stars"": 5, ""explanation"": ""Very positive review""}",4,True,"Nice store, good products","{""predicted_stars"": 4, ""explanation"": ""Nice store, good products""}",5,True,Very positive experience with no complaints.,"{""predicted_stars"": 5, ""explanation"": ""Very positive experience with no complaints.""}"
47,5,5,True,Reviewer had an excellent experience,"{""predicted_stars"": 5, ""explanation"": ""Reviewer had an excellent experience""}",5,True,Excellent food and service.,"{""predicted_stars"": 5, ""explanation"": ""Excellent food and service.""}",5,True,Excellent experience with great food,"{""predicted_stars"": 5, ""explanation"": ""Excellent experience with great food""}"
48,4,5,True,Extremely positive review,"{""predicted_stars"": 5, ""explanation"": ""Extremely positive review""}",5,True,Excellent experience overall,"{""predicted_stars"": 5, ""explanation"": ""Excellent experience overall""}",5,True,Excellent experience with great food and fair price.,"{""predicted_stars"": 5, ""explanation"": ""Excellent experience with great food and fair price.""}"
49,1,1,True,Very negative experience,"{""predicted_stars"": 1, ""explanation"": ""Very negative experience""}",1,True,Terrible experience,"{""predicted_stars"": 1, ""explanation"": ""Terrible experience""}",1,True,Extremely negative experience with unacceptable service,"{""predicted_stars"": 1, ""explanation"": ""Extremely negative experience with unacceptable service""}"
50,1,1,True,Very negative review of food quality.,"{""predicted_stars"": 1, ""explanation"": ""Very negative review of food quality.""}",1,True,Terrible food quality,"{""predicted_stars"": 1, ""explanation"": ""Terrible food quality""}",1,True,Extremely negative experience with poor quality food,"{""predicted_stars"": 1, ""explanation"": ""Extremely negative experience with poor quality food""}"
51,3,4,True,Mostly positive with minor issues,"{""predicted_stars"": 4, ""explanation"": ""Mostly positive with minor issues""}",3,True,Average experience,"{""predicted_stars"": 3, ""explanation"": ""Average experience""}",3,True,Neutral review with mild preference,"{""predicted_stars"": 3, ""explanation"": ""Neutral review with mild preference""}"
52,4,5,True,Extremely positive review,"{""predicted_stars"": 5, ""explanation"": ""Extremely positive review""}",5,True,Excellent atmosphere,"{
    ""predicted_stars"": 5,
    ""explanation"": ""Excellent atmosphere""
}",5,True,Very positive experience with unique atmosphere,"{""predicted_stars"": 5, ""explanation"": ""Very positive experience with unique atmosphere""}"
53,4,4,True,Mostly positive with minor issues,"{""predicted_stars"": 4, ""explanation"": ""Mostly positive with minor issues""}",4,True,Good food and service,"{""predicted_stars"": 4, ""explanation"": ""Good food and service""}",4,True,Good experience with minor physical issues,"{""predicted_stars"": 4, ""explanation"": ""Good experience with minor physical issues""}"
54,4,4,True,Mostly positive with minor issues,"{""predicted_stars"": 4, ""explanation"": ""Mostly positive with minor issues""}",4,True,Mostly positive experience,"{""predicted_stars"": 4, ""explanation"": ""Mostly positive experience""}",4,True,Generally positive with minor food issues,"{""predicted_stars"": 4, ""explanation"": ""Generally positive with minor food issues""}"
55,3,3,True,Mixed review with both positives and negatives.,"{""predicted_stars"": 3, ""explanation"": ""Mixed review with both positives and negatives.""}",3,True,Mixed feelings about experience,"{
    ""predicted_stars"": 3,
    ""explanation"": ""Mixed feelings about experience""
}",3,True,Mixed review with positives and negatives,"{""predicted_stars"": 3, ""explanation"": ""Mixed review with positives and negatives""}"
56,5,5,True,Excellent food and service overall.,"{""predicted_stars"": 5, ""explanation"": ""Excellent food and service overall.""}",5,True,Excellent food and service.,"{""predicted_stars"": 5, ""explanation"": ""Excellent food and service.""}",5,True,Excellent experience with great food and service.,"{""predicted_stars"": 5, ""explanation"": ""Excellent experience with great food and service.""}"
57,5,5,True,Extremely positive review.,"{""predicted_stars"": 5, ""explanation"": ""Extremely positive review.""}",5,True,Reviewer loves it,"{""predicted_stars"": 5, ""explanation"": ""Reviewer loves it""}",5,True,Strongly positive experience,"{""predicted_stars"": 5, ""explanation"": ""Strongly positive experience""}"
58,5,5,True,Excellent service and food.,"{""predicted_stars"": 5, ""explanation"": ""Excellent service and food.""}",5,True,Excellent service and food.,"{
    ""predicted_stars"": 5,
    ""explanation"": ""Excellent service and food.""
}",5,True,Extremely positive experience with excellent service,"{""predicted_stars"": 5, ""explanation"": ""Extremely positive experience with excellent service""}"
59,1,1,True,Very negative experience,"{""predicted_stars"": 1, ""explanation"": ""Very negative experience""}",2,True,Multiple problems noted,"{""predicted_stars"": 2, ""explanation"": ""Multiple problems noted""}",2,True,Multiple issues with service and quality,"{""predicted_stars"": 2, ""explanation"": ""Multiple issues with service and quality""}"
60,2,1,True,Very negative experience,"{""predicted_stars"": 1, ""explanation"": ""Very negative experience""}",1,True,Business was closed,"{""predicted_stars"": 1, ""explanation"": ""Business was closed""}",1,True,Extremely negative experience with poor service,"{""predicted_stars"": 1, ""explanation"": ""Extremely negative experience with poor service""}"
61,2,1,True,Reviewer had a very negative experience,"{""predicted_stars"": 1, ""explanation"": ""Reviewer had a very negative experience""}",2,True,Multiple complaints,"{""predicted_stars"": 2, ""explanation"": ""Multiple complaints""}",2,True,Mostly negative experience with multiple issues,"{""predicted_stars"": 2, ""explanation"": ""Mostly negative experience with multiple issues""}"
62,4,4,True,Mostly positive with minor issues,"{""predicted_stars"": 4, ""explanation"": ""Mostly positive with minor issues""}",4,True,"Great atmosphere, minor complaints","{""predicted_stars"": 4, ""explanation"": ""Great atmosphere, minor complaints""}",4,True,Fun experience with minor facility issues,"{""predicted_stars"": 4, ""explanation"": ""Fun experience with minor facility issues""}"
63,3,3,True,Mixed review with some negative comments,"{""predicted_stars"": 3, ""explanation"": ""Mixed review with some negative comments""}",3,True,Average experience expected more,"{""predicted_stars"": 3, ""explanation"": ""Average experience expected more""}",3,True,Neutral review with mixed expectations,"{""predicted_stars"": 3, ""explanation"": ""Neutral review with mixed expectations""}"
64,4,4,True,Mostly positive with minor issues,"{""predicted_stars"": 4, ""explanation"": ""Mostly positive with minor issues""}",4,True,"Great food, dirty dining room","{""predicted_stars"": 4, ""explanation"": ""Great food, dirty dining room""}",4,True,"Great food, low price, but dirty dining area","{""predicted_stars"": 4, ""explanation"": ""Great food, low price, but dirty dining area""}"
65,2,2,True,Mostly negative review with some positive notes,"{""predicted_stars"": 2, ""explanation"": ""Mostly negative review with some positive notes""}",2,True,Multiple major complaints,"{
    ""predicted_stars"": 2,
    ""explanation"": ""Multiple major complaints""
}",2,True,Mostly negative experience with multiple issues,"{""predicted_stars"": 2, ""explanation"": ""Mostly negative experience with multiple issues""}"
66,5,5,True,Excellent dinner and service.,"{""predicted_stars"": 5, ""explanation"": ""Excellent dinner and service.""}",5,True,Excellent dinner,"{""predicted_stars"": 5, ""explanation"": ""Excellent dinner""}",5,True,Excellent experience with great food,"{""predicted_stars"": 5, ""explanation"": ""Excellent experience with great food""}"
67,5,5,True,Reviewer had excellent experience,"{""predicted_stars"": 5, ""explanation"": ""Reviewer had excellent experience""}",5,True,Excellent experience,"{""predicted_stars"": 5, ""explanation"": ""Excellent experience""}",5,True,Very positive experience,"{""predicted_stars"": 5, ""explanation"": ""Very positive experience""}"
68,2,1,True,Reviewer was not impressed,"{""predicted_stars"": 1, ""explanation"": ""Reviewer was not impressed""}",2,True,Food quality was poor,"{""predicted_stars"": 2, ""explanation"": ""Food quality was poor""}",2,True,Negative experience with food quality issues,"{""predicted_stars"": 2, ""explanation"": ""Negative experience with food quality issues""}"
69,4,5,True,Great time with tasty apps,"{""predicted_stars"": 5, ""explanation"": ""Great time with tasty apps""}",5,True,"Great time, excellent service","{""predicted_stars"": 5, ""explanation"": ""Great time, excellent service""}",5,True,Excellent experience with great food and service,"{""predicted_stars"": 5, ""explanation"": ""Excellent experience with great food and service""}"
70,3,3,True,Mixed review with both praise and criticism.,"{""predicted_stars"": 3, ""explanation"": ""Mixed review with both praise and criticism.""}",3,True,Average due to slow service,"{
    ""predicted_stars"": 3,
    ""explanation"": ""Average due to slow service""
}",3,True,Neutral review with mixed positives and negatives,"{""predicted_stars"": 3, ""explanation"": ""Neutral review with mixed positives and negatives""}"
71,2,1,True,Very negative review,"{""predicted_stars"": 1, ""explanation"": ""Very negative review""}",1,True,Very negative experience,"{""predicted_stars"": 1, ""explanation"": ""Very negative experience""}",1,True,Very negative experience with expansion,"{""predicted_stars"": 1, ""explanation"": ""Very negative experience with expansion""}"
72,5,5,True,Review is extremely positive,"{""predicted_stars"": 5, ""explanation"": ""Review is extremely positive""}",5,True,Excellent experience,"{
    ""predicted_stars"": 5,
    ""explanation"": ""Excellent experience""
}",5,True,Glowing review with unique experience,"{""predicted_stars"": 5, ""explanation"": ""Glowing review with unique experience""}"
73,4,5,True,Reviewer loves the bar and staff.,"{""predicted_stars"": 5, ""explanation"": ""Reviewer loves the bar and staff.""}",5,True,"Great bar, no complaints.","{""predicted_stars"": 5, ""explanation"": ""Great bar, no complaints.""}",5,True,Very positive review with no complaints.,"{""predicted_stars"": 5, ""explanation"": ""Very positive review with no complaints.""}"
74,3,2,True,Mixed review with negative comments,"{""predicted_stars"": 2, ""explanation"": ""Mixed review with negative comments""}",3,True,Mixed feelings about experience,"{""predicted_stars"": 3, ""explanation"": ""Mixed feelings about experience""}",3,True,Mixed review with positives and negatives,"{""predicted_stars"": 3, ""explanation"": ""Mixed review with positives and negatives""}"
75,5,5,True,Reviewer had a terrific experience.,"{""predicted_stars"": 5, ""explanation"": ""Reviewer had a terrific experience.""}",5,True,Terrific experience,"{""predicted_stars"": 5, ""explanation"": ""Terrific experience""}",5,True,Terrific experience with great service,"{""predicted_stars"": 5, ""explanation"": ""Terrific experience with great service""}"
76,2,1,True,Very negative experience with billing issues.,"{""predicted_stars"": 1, ""explanation"": ""Very negative experience with billing issues.""}",2,True,Double billed twice,"{""predicted_stars"": 2, ""explanation"": ""Double billed twice""}",2,True,Negative experience with billing issues,"{""predicted_stars"": 2, ""explanation"": ""Negative experience with billing issues""}"
77,5,5,True,Reviewer loves the cafe and food.,"{""predicted_stars"": 5, ""explanation"": ""Reviewer loves the cafe and food.""}",5,True,Reviewer loves the cafe,"{""predicted_stars"": 5, ""explanation"": ""Reviewer loves the cafe""}",5,True,Strongly positive experience,"{""predicted_stars"": 5, ""explanation"": ""Strongly positive experience""}"
78,3,4,True,Mostly positive with minor issues,"{""predicted_stars"": 4, ""explanation"": ""Mostly positive with minor issues""}",4,True,Mostly positive experience,"{""predicted_stars"": 4, ""explanation"": ""Mostly positive experience""}",4,True,Mostly positive with some minor issues,"{""predicted_stars"": 4, ""explanation"": ""Mostly positive with some minor issues""}"
79,5,5,True,Excellent food and service.,"{""predicted_stars"": 5, ""explanation"": ""Excellent food and service.""}",5,True,Excellent food and service,"{""predicted_stars"": 5, ""explanation"": ""Excellent food and service""}",5,True,Excellent experience with great food and service.,"{""predicted_stars"": 5, ""explanation"": ""Excellent experience with great food and service.""}"
80,4,5,True,Review is extremely positive,"{""predicted_stars"": 5, ""explanation"": ""Review is extremely positive""}",5,True,Excellent experience,"{""predicted_stars"": 5, ""explanation"": ""Excellent experience""}",5,True,Strongly positive experience,"{""predicted_stars"": 5, ""explanation"": ""Strongly positive experience""}"
81,4,4,True,Mostly positive with minor issues,"{""predicted_stars"": 4, ""explanation"": ""Mostly positive with minor issues""}",4,True,Good food and service,"{""predicted_stars"": 4, ""explanation"": ""Good food and service""}",4,True,Good experience with friendly staff,"{""predicted_stars"": 4, ""explanation"": ""Good experience with friendly staff""}"
82,4,4,True,Mostly positive with minor issues,"{""predicted_stars"": 4, ""explanation"": ""Mostly positive with minor issues""}",4,True,Mostly positive experience,"{""predicted_stars"": 4, ""explanation"": ""Mostly positive experience""}",4,True,Mostly positive with minor issues,"{""predicted_stars"": 4, ""explanation"": ""Mostly positive with minor issues""}"
83,4,5,True,Reviewer is extremely positive,"{""predicted_stars"": 5, ""explanation"": ""Reviewer is extremely positive""}",4,True,Reviewer likes everything,"{""predicted_stars"": 4, ""explanation"": ""Reviewer likes everything""}",4,True,Positive experience with minor no complaints.,"{""predicted_stars"": 4, ""explanation"": ""Positive experience with minor no complaints.""}"
84,4,4,True,Mixed review with positive overall tone,"{""predicted_stars"": 4, ""explanation"": ""Mixed review with positive overall tone""}",4,True,"Good food, great atmosphere.","{""predicted_stars"": 4, ""explanation"": ""Good food, great atmosphere.""}",4,True,Good experience with minor food quality issues.,"{""predicted_stars"": 4, ""explanation"": ""Good experience with minor food quality issues.""}"
85,5,4,True,Mostly positive with minor issues,"{""predicted_stars"": 4, ""explanation"": ""Mostly positive with minor issues""}",4,True,"Great park, minor complaints","{""predicted_stars"": 4, ""explanation"": ""Great park, minor complaints""}",4,True,Mostly positive with minor behavioral issues,"{""predicted_stars"": 4, ""explanation"": ""Mostly positive with minor behavioral issues""}"
86,5,5,True,Extremely positive review,"{""predicted_stars"": 5, ""explanation"": ""Extremely positive review""}",5,True,Excellent service and quality.,"{""predicted_stars"": 5, ""explanation"": ""Excellent service and quality.""}",5,True,Extremely positive experience,"{""predicted_stars"": 5, ""explanation"": ""Extremely positive experience""}"
87,4,5,True,Very positive experience overall.,"{""predicted_stars"": 5, ""explanation"": ""Very positive experience overall.""}",5,True,Great value and service,"{""predicted_stars"": 5, ""explanation"": ""Great value and service""}",5,True,Very positive experience with good value,"{""predicted_stars"": 5, ""explanation"": ""Very positive experience with good value""}"
88,4,5,True,Reviewer enjoyed the food greatly,"{""predicted_stars"": 5, ""explanation"": ""Reviewer enjoyed the food greatly""}",5,True,Excellent food quality,"{""predicted_stars"": 5, ""explanation"": ""Excellent food quality""}",5,True,Very positive review,"{""predicted_stars"": 5, ""explanation"": ""Very positive review""}"
89,3,4,True,Mostly positive with some limitations,"{""predicted_stars"": 4, ""explanation"": ""Mostly positive with some limitations""}",4,True,Good experience overall.,"{""predicted_stars"": 4, ""explanation"": ""Good experience overall.""}",4,True,Generally positive with some minor limitations,"{""predicted_stars"": 4, ""explanation"": ""Generally positive with some minor limitations""}"
90,4,5,True,Reviewer had great experience.,"{""predicted_stars"": 5, ""explanation"": ""Reviewer had great experience.""}",5,True,Great experience overall,"{
    ""predicted_stars"": 5,
    ""explanation"": ""Great experience overall""
}",5,True,Very positive experience with great food and wine,"{""predicted_stars"": 5, ""explanation"": ""Very positive experience with great food and wine""}"
91,3,2,True,Mostly negative experience,"{""predicted_stars"": 2, ""explanation"": ""Mostly negative experience""}",3,True,Average experience overall.,"{""predicted_stars"": 3, ""explanation"": ""Average experience overall.""}",2,True,Mixed experience with multiple issues,"{""predicted_stars"": 2, ""explanation"": ""Mixed experience with multiple issues""}"
92,3,3,True,Neutral tone in review title,"{""predicted_stars"": 3, ""explanation"": ""Neutral tone in review title""}",1,True,No details given,"{""predicted_stars"": 1, ""explanation"": ""No details given""}",2,True,Negative comparison,"{""predicted_stars"": 2, ""explanation"": ""Negative comparison""}"
93,5,5,True,Extremely positive review,"{""predicted_stars"": 5, ""explanation"": ""Extremely positive review""}",5,True,Excellent experience overall,"{""predicted_stars"": 5, ""explanation"": ""Excellent experience overall""}",5,True,Excellent experience with great food and service.,"{""predicted_stars"": 5, ""explanation"": ""Excellent experience with great food and service.""}"
94,4,4,True,Nice staff and good coffee,"{""predicted_stars"": 4, ""explanation"": ""Nice staff and good coffee""}",4,True,Nice staff and good coffee,"{""predicted_stars"": 4, ""explanation"": ""Nice staff and good coffee""}",4,True,Positive experience with minor issues absent,"{""predicted_stars"": 4, ""explanation"": ""Positive experience with minor issues absent""}"
95,5,5,True,Extremely positive review with high praise.,"{""predicted_stars"": 5, ""explanation"": ""Extremely positive review with high praise.""}",5,True,Excellent food and service,"{""predicted_stars"": 5, ""explanation"": ""Excellent food and service""}",5,True,Extremely positive experience,"{""predicted_stars"": 5, ""explanation"": ""Extremely positive experience""}"
96,4,4,True,Mostly positive with minor issues,"{""predicted_stars"": 4, ""explanation"": ""Mostly positive with minor issues""}",4,True,Minor pool complaint,"{""predicted_stars"": 4, ""explanation"": ""Minor pool complaint""}",4,True,Great experience with minor pool issue,"{""predicted_stars"": 4, ""explanation"": ""Great experience with minor pool issue""}"
97,4,5,True,Always clean and well stocked.,"{""predicted_stars"": 5, ""explanation"": ""Always clean and well stocked.""}",5,True,Always clean and well stocked.,"{""predicted_stars"": 5, ""explanation"": ""Always clean and well stocked.""}",5,True,Consistently positive experience,"{""predicted_stars"": 5, ""explanation"": ""Consistently positive experience""}"
98,4,4,True,Mostly positive with minor issues,"{""predicted_stars"": 4, ""explanation"": ""Mostly positive with minor issues""}",4,True,Mostly positive experience,"{""predicted_stars"": 4, ""explanation"": ""Mostly positive experience""}",4,True,Mostly positive experience with minor food issue.,"{""predicted_stars"": 4, ""explanation"": ""Mostly positive experience with minor food issue.""}"
99,2,2,True,Mostly negative review,"{""predicted_stars"": 2, ""explanation"": ""Mostly negative review""}",2,True,Overpriced,"{""predicted_stars"": 2, ""explanation"": ""Overpriced""}",2,True,Tasty but overpriced,"{""predicted_stars"": 2, ""explanation"": ""Tasty but overpriced""}"
100,4,4,True,Mostly positive with minor issues,"{""predicted_stars"": 4, ""explanation"": ""Mostly positive with minor issues""}",4,True,"Minor complaints, mostly positive","{
    ""predicted_stars"": 4,
    ""explanation"": ""Minor complaints, mostly positive""
}",4,True,Mostly positive experience with minor issues,"{""predicted_stars"": 4, ""explanation"": ""Mostly positive experience with minor issues""}"
101,5,5,True,Reviewer loves the venue,"{""predicted_stars"": 5, ""explanation"": ""Reviewer loves the venue""}",5,True,Reviewer loves venue,"{""predicted_stars"": 5, ""explanation"": ""Reviewer loves venue""}",5,True,Glowing review with high praise,"{""predicted_stars"": 5, ""explanation"": ""Glowing review with high praise""}"
102,4,5,True,Extremely positive review.,"{""predicted_stars"": 5, ""explanation"": ""Extremely positive review.""}",5,True,Excellent experience,"{""predicted_stars"": 5, ""explanation"": ""Excellent experience""}",5,True,Excellent experience with great food and atmosphere,"{""predicted_stars"": 5, ""explanation"": ""Excellent experience with great food and atmosphere""}"
103,4,4,True,Mostly positive with minor issues,"{""predicted_stars"": 4, ""explanation"": ""Mostly positive with minor issues""}",2,True,Not recommended,"{""predicted_stars"": 2, ""explanation"": ""Not recommended""}",3,True,Mixed review with some positives and negatives.,"{""predicted_stars"": 3, ""explanation"": ""Mixed review with some positives and negatives.""}"
104,2,2,True,Very negative service experience,"{""predicted_stars"": 2, ""explanation"": ""Very negative service experience""}",2,True,Rude service,"{""predicted_stars"": 2, ""explanation"": ""Rude service""}",2,True,Loyal customer turned off by poor service,"{""predicted_stars"": 2, ""explanation"": ""Loyal customer turned off by poor service""}"
105,3,4,True,Mostly positive with minor issues,"{""predicted_stars"": 4, ""explanation"": ""Mostly positive with minor issues""}",4,True,"Great service, some issues","{""predicted_stars"": 4, ""explanation"": ""Great service, some issues""}",4,True,Mostly positive experience with a major product issue.,"{""predicted_stars"": 4, ""explanation"": ""Mostly positive experience with a major product issue.""}"
106,1,1,True,Very negative review with harsh criticism,"{""predicted_stars"": 1, ""explanation"": ""Very negative review with harsh criticism""}",1,True,Extremely negative review,"{""predicted_stars"": 1, ""explanation"": ""Extremely negative review""}",1,True,Extremely negative review with strong insults,"{""predicted_stars"": 1, ""explanation"": ""Extremely negative review with strong insults""}"
107,2,2,True,Mostly negative due to hidden charges,"{""predicted_stars"": 2, ""explanation"": ""Mostly negative due to hidden charges""}",2,True,Hidden fees caused dissatisfaction,"{""predicted_stars"": 2, ""explanation"": ""Hidden fees caused dissatisfaction""}",2,True,Negative experience with hidden charges,"{""predicted_stars"": 2, ""explanation"": ""Negative experience with hidden charges""}"
108,5,5,True,Reviewer loves the place and service.,"{""predicted_stars"": 5, ""explanation"": ""Reviewer loves the place and service.""}",5,True,Excellent overall experience,"{""predicted_stars"": 5, ""explanation"": ""Excellent overall experience""}",5,True,Very positive review with no complaints.,"{""predicted_stars"": 5, ""explanation"": ""Very positive review with no complaints.""}"
109,5,5,True,Extremely positive review,"{""predicted_stars"": 5, ""explanation"": ""Extremely positive review""}",5,True,Excellent experience,"{""predicted_stars"": 5, ""explanation"": ""Excellent experience""}",5,True,Excellent experience with great food and service,"{""predicted_stars"": 5, ""explanation"": ""Excellent experience with great food and service""}"
110,4,5,True,Reviewer loves the food and service.,"{""predicted_stars"": 5, ""explanation"": ""Reviewer loves the food and service.""}",5,True,Excellent food and service,"{""predicted_stars"": 5, ""explanation"": ""Excellent food and service""}",5,True,Very positive review with minor complaints.,"{""predicted_stars"": 5, ""explanation"": ""Very positive review with minor complaints.""}"
111,4,5,True,Extremely positive review with great food.,"{""predicted_stars"": 5, ""explanation"": ""Extremely positive review with great food.""}",5,True,All aspects praised,"{""predicted_stars"": 5, ""explanation"": ""All aspects praised""}",5,True,Very positive review with no complaints.,"{""predicted_stars"": 5, ""explanation"": ""Very positive review with no complaints.""}"
112,4,5,True,Reviewer loves the store's products and services.,"{""predicted_stars"": 5, ""explanation"": ""Reviewer loves the store's products and services.""}",5,True,Excellent service and selection.,"{""predicted_stars"": 5, ""explanation"": ""Excellent service and selection.""}",5,True,Very positive experience with excellent products,"{""predicted_stars"": 5, ""explanation"": ""Very positive experience with excellent products""}"
113,3,4,True,Mostly positive with minor issues,"{""predicted_stars"": 4, ""explanation"": ""Mostly positive with minor issues""}",4,True,Minor complaints exist,"{
    ""predicted_stars"": 4,
    ""explanation"": ""Minor complaints exist""
}",4,True,Mostly positive with minor issues,"{""predicted_stars"": 4, ""explanation"": ""Mostly positive with minor issues""}"
114,5,5,True,Reviewer loves the sushi place.,"{""predicted_stars"": 5, ""explanation"": ""Reviewer loves the sushi place.""}",5,True,Excellent overall experience,"{""predicted_stars"": 5, ""explanation"": ""Excellent overall experience""}",5,True,Very positive review with no complaints.,"{""predicted_stars"": 5, ""explanation"": ""Very positive review with no complaints.""}"
115,4,5,True,Reviewer praises the pizzeria highly.,"{""predicted_stars"": 5, ""explanation"": ""Reviewer praises the pizzeria highly.""}",5,True,Reviewer loves the place,"{""predicted_stars"": 5, ""explanation"": ""Reviewer loves the place""}",5,True,Strongly positive review,"{""predicted_stars"": 5, ""explanation"": ""Strongly positive review""}"
116,3,3,True,Mixed review with some positive aspects,"{""predicted_stars"": 3, ""explanation"": ""Mixed review with some positive aspects""}",3,True,Average experience overall,"{""predicted_stars"": 3, ""explanation"": ""Average experience overall""}",3,True,Mixed review with neutral experience,"{""predicted_stars"": 3, ""explanation"": ""Mixed review with neutral experience""}"
117,1,2,True,Mostly negative review,"{""predicted_stars"": 2, ""explanation"": ""Mostly negative review""}",2,True,Not recommended due issues,"{""predicted_stars"": 2, ""explanation"": ""Not recommended due issues""}",2,True,Mostly negative experience with multiple issues,"{""predicted_stars"": 2, ""explanation"": ""Mostly negative experience with multiple issues""}"
118,5,5,True,Reviewer loves the coffee shop.,"{""predicted_stars"": 5, ""explanation"": ""Reviewer loves the coffee shop.""}",5,True,Reviewer loves Coffee Bean,"{""predicted_stars"": 5, ""explanation"": ""Reviewer loves Coffee Bean""}",5,True,Extremely positive review with love,"{""predicted_stars"": 5, ""explanation"": ""Extremely positive review with love""}"
119,3,4,True,Mostly positive with minor issues,"{""predicted_stars"": 4, ""explanation"": ""Mostly positive with minor issues""}",4,True,Minor complaint about veggies,"{""predicted_stars"": 4, ""explanation"": ""Minor complaint about veggies""}",4,True,Mostly positive with minor suggestions,"{""predicted_stars"": 4, ""explanation"": ""Mostly positive with minor suggestions""}"
120,1,1,True,Very negative experience,"{""predicted_stars"": 1, ""explanation"": ""Very negative experience""}",1,True,Terrible experience overall,"{""predicted_stars"": 1, ""explanation"": ""Terrible experience overall""}",1,True,Extremely negative experience,"{""predicted_stars"": 1, ""explanation"": ""Extremely negative experience""}"
121,5,5,True,Extremely positive review with glowing praise.,"{""predicted_stars"": 5, ""explanation"": ""Extremely positive review with glowing praise.""}",5,True,Excellent experience overall.,"{""predicted_stars"": 5, ""explanation"": ""Excellent experience overall.""}",5,True,Extremely positive review with no complaints.,"{""predicted_stars"": 5, ""explanation"": ""Extremely positive review with no complaints.""}"
122,4,4,True,Mostly positive with minor issues,"{""predicted_stars"": 4, ""explanation"": ""Mostly positive with minor issues""}",4,True,Minor complaint about spice,"{""predicted_stars"": 4, ""explanation"": ""Minor complaint about spice""}",4,True,Positive experience with minor food issue,"{""predicted_stars"": 4, ""explanation"": ""Positive experience with minor food issue""}"
123,4,4,True,Mostly positive with minor issues,"{""predicted_stars"": 4, ""explanation"": ""Mostly positive with minor issues""}",4,True,Clean and speedy service,"{""predicted_stars"": 4, ""explanation"": ""Clean and speedy service""}",4,True,Generally positive with minor comparisons,"{""predicted_stars"": 4, ""explanation"": ""Generally positive with minor comparisons""}"
124,4,5,True,Reviewer had a great experience,"{""predicted_stars"": 5, ""explanation"": ""Reviewer had a great experience""}",5,True,Great experience overall,"{""predicted_stars"": 5, ""explanation"": ""Great experience overall""}",5,True,Very positive experience,"{""predicted_stars"": 5, ""explanation"": ""Very positive experience""}"
125,4,5,True,Reviewer loves the food and drinks.,"{""predicted_stars"": 5, ""explanation"": ""Reviewer loves the food and drinks.""}",5,True,Excellent food and service.,"{""predicted_stars"": 5, ""explanation"": ""Excellent food and service.""}",5,True,Very positive review with minor service issue,"{""predicted_stars"": 5, ""explanation"": ""Very positive review with minor service issue""}"
126,4,4,True,Mostly positive with minor issues,"{""predicted_stars"": 4, ""explanation"": ""Mostly positive with minor issues""}",4,True,Minor complaints overall,"{
    ""predicted_stars"": 4,
    ""explanation"": ""Minor complaints overall""
}",4,True,Mostly positive with minor issues,"{""predicted_stars"": 4, ""explanation"": ""Mostly positive with minor issues""}"
127,4,5,True,Extremely positive review,"{""predicted_stars"": 5, ""explanation"": ""Extremely positive review""}",5,True,Excellent experience overall,"{""predicted_stars"": 5, ""explanation"": ""Excellent experience overall""}",5,True,Extremely positive experience with minor issues.,"{""predicted_stars"": 5, ""explanation"": ""Extremely positive experience with minor issues.""}"
128,5,5,True,Reviewer praises the theater highly,"{""predicted_stars"": 5, ""explanation"": ""Reviewer praises the theater highly""}",5,True,Strongly recommended,"{""predicted_stars"": 5, ""explanation"": ""Strongly recommended""}",5,True,Strongly positive review,"{""predicted_stars"": 5, ""explanation"": ""Strongly positive review""}"
129,4,5,True,Very positive review with excellent food,"{""predicted_stars"": 5, ""explanation"": ""Very positive review with excellent food""}",5,True,Excellent experience,"{""predicted_stars"": 5, ""explanation"": ""Excellent experience""}",5,True,Very positive experience with excellent food,"{""predicted_stars"": 5, ""explanation"": ""Very positive experience with excellent food""}"
130,3,4,True,Mixed review with some positive experiences,"{""predicted_stars"": 4, ""explanation"": ""Mixed review with some positive experiences""}",3,True,Mixed experience overall.,"{""predicted_stars"": 3, ""explanation"": ""Mixed experience overall.""}",3,True,Mixed review with some positives and negatives,"{""predicted_stars"": 3, ""explanation"": ""Mixed review with some positives and negatives""}"
131,4,4,True,Mostly positive with minor issues,"{""predicted_stars"": 4, ""explanation"": ""Mostly positive with minor issues""}",4,True,Minor complaint about music,"{
    ""predicted_stars"": 4,
    ""explanation"": ""Minor complaint about music""
}",4,True,Positive experience with minor music issue,"{""predicted_stars"": 4, ""explanation"": ""Positive experience with minor music issue""}"
132,3,4,True,Mostly positive with minor issues,"{""predicted_stars"": 4, ""explanation"": ""Mostly positive with minor issues""}",4,True,Minor complaints overall.,"{""predicted_stars"": 4, ""explanation"": ""Minor complaints overall.""}",4,True,Generally positive with minor suggestions,"{""predicted_stars"": 4, ""explanation"": ""Generally positive with minor suggestions""}"
133,4,5,True,Extremely positive review,"{""predicted_stars"": 5, ""explanation"": ""Extremely positive review""}",4,True,Great food and value,"{""predicted_stars"": 4, ""explanation"": ""Great food and value""}",5,True,Very positive experience with great food,"{""predicted_stars"": 5, ""explanation"": ""Very positive experience with great food""}"
134,5,5,True,Reviewer had excellent experience,"{""predicted_stars"": 5, ""explanation"": ""Reviewer had excellent experience""}",5,True,Excellent service,"{""predicted_stars"": 5, ""explanation"": ""Excellent service""}",5,True,Very positive experience with no complaints.,"{""predicted_stars"": 5, ""explanation"": ""Very positive experience with no complaints.""}"
135,5,5,True,Extremely positive review,"{""predicted_stars"": 5, ""explanation"": ""Extremely positive review""}",5,True,Excellent service and food.,"{""predicted_stars"": 5, ""explanation"": ""Excellent service and food.""}",5,True,Excellent experience with great food and service.,"{""predicted_stars"": 5, ""explanation"": ""Excellent experience with great food and service.""}"
136,4,4,True,Mostly positive with minor issues,"{""predicted_stars"": 4, ""explanation"": ""Mostly positive with minor issues""}",4,True,"Good food, uninterested service","{
    ""predicted_stars"": 4,
    ""explanation"": ""Good food, uninterested service""
}",4,True,Generally positive with minor issues,"{""predicted_stars"": 4, ""explanation"": ""Generally positive with minor issues""}"
137,3,4,True,Mostly positive review,"{""predicted_stars"": 4, ""explanation"": ""Mostly positive review""}",4,True,Great local course,"{""predicted_stars"": 4, ""explanation"": ""Great local course""}",4,True,Generally positive with minor limitations,"{""predicted_stars"": 4, ""explanation"": ""Generally positive with minor limitations""}"
138,4,4,True,Mostly positive with minor issues,"{""predicted_stars"": 4, ""explanation"": ""Mostly positive with minor issues""}",4,True,Minor complaints,"{
    ""predicted_stars"": 4,
    ""explanation"": ""Minor complaints""
}",4,True,Mostly positive experience with minor issues,"{""predicted_stars"": 4, ""explanation"": ""Mostly positive experience with minor issues""}"
139,4,5,True,Very positive review with minor issues.,"{""predicted_stars"": 5, ""explanation"": ""Very positive review with minor issues.""}",5,True,Excellent service and food.,"{""predicted_stars"": 5, ""explanation"": ""Excellent service and food.""}",5,True,Very positive experience with friendly service,"{""predicted_stars"": 5, ""explanation"": ""Very positive experience with friendly service""}"
140,1,2,True,Mostly negative review with some positive notes,"{""predicted_stars"": 2, ""explanation"": ""Mostly negative review with some positive notes""}",2,True,Not recommended for adults.,"{""predicted_stars"": 2, ""explanation"": ""Not recommended for adults.""}",2,True,Mostly negative with some minor positives,"{""predicted_stars"": 2, ""explanation"": ""Mostly negative with some minor positives""}"
141,5,5,True,Extremely positive review,"{""predicted_stars"": 5, ""explanation"": ""Extremely positive review""}",5,True,Excellent experience,"{""predicted_stars"": 5, ""explanation"": ""Excellent experience""}",5,True,Extremely positive experience with consistent quality.,"{""predicted_stars"": 5, ""explanation"": ""Extremely positive experience with consistent quality.""}"
142,4,4,True,Mostly positive with minor issues,"{""predicted_stars"": 4, ""explanation"": ""Mostly positive with minor issues""}",4,True,Good but not great,"{""predicted_stars"": 4, ""explanation"": ""Good but not great""}",3,True,Mixed review with balanced positives and negatives.,"{""predicted_stars"": 3, ""explanation"": ""Mixed review with balanced positives and negatives.""}"
143,4,4,True,Mostly positive with minor issues,"{""predicted_stars"": 4, ""explanation"": ""Mostly positive with minor issues""}",4,True,Mostly positive review,"{""predicted_stars"": 4, ""explanation"": ""Mostly positive review""}",4,True,Mostly positive with minor wine complaint,"{""predicted_stars"": 4, ""explanation"": ""Mostly positive with minor wine complaint""}"
144,3,2,True,Mixed review with mostly negative sentiment,"{""predicted_stars"": 2, ""explanation"": ""Mixed review with mostly negative sentiment""}",3,True,Average experience overall.,"{""predicted_stars"": 3, ""explanation"": ""Average experience overall.""}",2,True,Mixed review with more negatives,"{""predicted_stars"": 2, ""explanation"": ""Mixed review with more negatives""}"
145,5,5,True,Extremely positive review.,"{""predicted_stars"": 5, ""explanation"": ""Extremely positive review.""}",5,True,Excellent experience,"{""predicted_stars"": 5, ""explanation"": ""Excellent experience""}",5,True,Extremely positive experience,"{""predicted_stars"": 5, ""explanation"": ""Extremely positive experience""}"
146,5,5,True,Review is extremely positive,"{""predicted_stars"": 5, ""explanation"": ""Review is extremely positive""}",5,True,Excellent service and food.,"{""predicted_stars"": 5, ""explanation"": ""Excellent service and food.""}",5,True,Excellent experience with great service and food.,"{""predicted_stars"": 5, ""explanation"": ""Excellent experience with great service and food.""}"
147,4,4,True,Mostly positive with minor issues,"{""predicted_stars"": 4, ""explanation"": ""Mostly positive with minor issues""}",4,True,Nice place for coffee,"{""predicted_stars"": 4, ""explanation"": ""Nice place for coffee""}",4,True,Generally positive with minor issues,"{""predicted_stars"": 4, ""explanation"": ""Generally positive with minor issues""}"
148,4,5,True,Reviewer loves the food and service.,"{""predicted_stars"": 5, ""explanation"": ""Reviewer loves the food and service.""}",4,True,Minor complaint about pork,"{""predicted_stars"": 4, ""explanation"": ""Minor complaint about pork""}",5,True,Excellent experience with minor personal preference issue,"{""predicted_stars"": 5, ""explanation"": ""Excellent experience with minor personal preference issue""}"
149,3,5,True,Review is extremely positive overall,"{""predicted_stars"": 5, ""explanation"": ""Review is extremely positive overall""}",5,True,Excellent service,"{""predicted_stars"": 5, ""explanation"": ""Excellent service""}",5,True,Very positive experience with great food and service,"{""predicted_stars"": 5, ""explanation"": ""Very positive experience with great food and service""}"
150,4,5,True,Reviewer loves the pizza,"{""predicted_stars"": 5, ""explanation"": ""Reviewer loves the pizza""}",5,True,Excellent NY style pizza,"{""predicted_stars"": 5, ""explanation"": ""Excellent NY style pizza""}",5,True,Excellent pizza quality and nostalgic experience,"{""predicted_stars"": 5, ""explanation"": ""Excellent pizza quality and nostalgic experience""}"
151,5,5,True,Exceptional experience at gardens,"{""predicted_stars"": 5, ""explanation"": ""Exceptional experience at gardens""}",5,True,Strongly recommended,"{""predicted_stars"": 5, ""explanation"": ""Strongly recommended""}",5,True,Exceptional experience with unique features,"{""predicted_stars"": 5, ""explanation"": ""Exceptional experience with unique features""}"
152,5,5,True,Extremely positive review.,"{""predicted_stars"": 5, ""explanation"": ""Extremely positive review.""}",5,True,Excellent experience,"{""predicted_stars"": 5, ""explanation"": ""Excellent experience""}",5,True,Excellent experience with great food and beer,"{""predicted_stars"": 5, ""explanation"": ""Excellent experience with great food and beer""}"
153,4,4,True,Mostly positive with minor issues,"{""predicted_stars"": 4, ""explanation"": ""Mostly positive with minor issues""}",4,True,Mostly positive experience,"{""predicted_stars"": 4, ""explanation"": ""Mostly positive experience""}",4,True,Good food and prices with minor issues,"{""predicted_stars"": 4, ""explanation"": ""Good food and prices with minor issues""}"
154,2,2,True,Mostly negative review due to poor service,"{""predicted_stars"": 2, ""explanation"": ""Mostly negative review due to poor service""}",2,True,Poor service and overpriced,"{""predicted_stars"": 2, ""explanation"": ""Poor service and overpriced""}",2,True,Decent food with poor service issues,"{""predicted_stars"": 2, ""explanation"": ""Decent food with poor service issues""}"
155,5,5,True,Reviewer had excellent experience,"{""predicted_stars"": 5, ""explanation"": ""Reviewer had excellent experience""}",5,True,Excellent experience,"{""predicted_stars"": 5, ""explanation"": ""Excellent experience""}",5,True,Excellent experience with great acting,"{""predicted_stars"": 5, ""explanation"": ""Excellent experience with great acting""}"
156,4,5,True,Review is extremely positive,"{""predicted_stars"": 5, ""explanation"": ""Review is extremely positive""}",5,True,Excellent experience,"{""predicted_stars"": 5, ""explanation"": ""Excellent experience""}",5,True,Very positive review with no complaints.,"{""predicted_stars"": 5, ""explanation"": ""Very positive review with no complaints.""}"
157,1,1,True,Reviewer hated the experience,"{""predicted_stars"": 1, ""explanation"": ""Reviewer hated the experience""}",1,True,Disgusting food,"{""predicted_stars"": 1, ""explanation"": ""Disgusting food""}",1,True,Extremely negative experience with bad food,"{""predicted_stars"": 1, ""explanation"": ""Extremely negative experience with bad food""}"
158,2,2,True,Mostly negative review due to high prices,"{""predicted_stars"": 2, ""explanation"": ""Mostly negative review due to high prices""}",2,True,Overpriced and pretentious,"{""predicted_stars"": 2, ""explanation"": ""Overpriced and pretentious""}",2,True,Mostly negative experience with high prices,"{""predicted_stars"": 2, ""explanation"": ""Mostly negative experience with high prices""}"
159,3,3,True,Mixed review with some positive comments,"{""predicted_stars"": 3, ""explanation"": ""Mixed review with some positive comments""}",3,True,Mixed feelings overall.,"{""predicted_stars"": 3, ""explanation"": ""Mixed feelings overall.""}",3,True,Neutral review with mixed positives and negatives.,"{""predicted_stars"": 3, ""explanation"": ""Neutral review with mixed positives and negatives.""}"
160,4,5,True,Reviewer praises food and drinks highly.,"{""predicted_stars"": 5, ""explanation"": ""Reviewer praises food and drinks highly.""}",5,True,Always reliably good,"{
    ""predicted_stars"": 5,
    ""explanation"": ""Always reliably good""
}",5,True,Very positive review with no complaints.,"{""predicted_stars"": 5, ""explanation"": ""Very positive review with no complaints.""}"
161,2,1,True,Very negative experience,"{""predicted_stars"": 1, ""explanation"": ""Very negative experience""}",1,True,Broken down car,"{""predicted_stars"": 1, ""explanation"": ""Broken down car""}",1,True,Extremely negative experience with car trouble,"{""predicted_stars"": 1, ""explanation"": ""Extremely negative experience with car trouble""}"
162,1,1,True,Very negative service experience,"{""predicted_stars"": 1, ""explanation"": ""Very negative service experience""}",2,True,Poor service and okay food.,"{""predicted_stars"": 2, ""explanation"": ""Poor service and okay food.""}",2,True,Poor service and mediocre food,"{""predicted_stars"": 2, ""explanation"": ""Poor service and mediocre food""}"
163,4,5,True,Extremely positive review with happy experience,"{""predicted_stars"": 5, ""explanation"": ""Extremely positive review with happy experience""}",5,True,Everyone left happy,"{""predicted_stars"": 5, ""explanation"": ""Everyone left happy""}",5,True,Strongly positive experience,"{""predicted_stars"": 5, ""explanation"": ""Strongly positive experience""}"
164,4,5,True,Reviewer loved the place.,"{""predicted_stars"": 5, ""explanation"": ""Reviewer loved the place.""}",4,True,Meets expectations.,"{
    ""predicted_stars"": 4,
    ""explanation"": ""Meets expectations.""
}",5,True,Very positive experience with many strengths,"{""predicted_stars"": 5, ""explanation"": ""Very positive experience with many strengths""}"
165,5,5,True,Extremely positive review,"{""predicted_stars"": 5, ""explanation"": ""Extremely positive review""}",5,True,Perfect meal,"{""predicted_stars"": 5, ""explanation"": ""Perfect meal""}",5,True,Excellent experience with no complaints.,"{""predicted_stars"": 5, ""explanation"": ""Excellent experience with no complaints.""}"
166,4,5,True,Reviewer loves the freshness,"{""predicted_stars"": 5, ""explanation"": ""Reviewer loves the freshness""}",5,True,"Fresh food, highly recommended","{""predicted_stars"": 5, ""explanation"": ""Fresh food, highly recommended""}",5,True,Very positive review with high praise,"{""predicted_stars"": 5, ""explanation"": ""Very positive review with high praise""}"
167,4,4,True,Mostly positive with minor issues,"{""predicted_stars"": 4, ""explanation"": ""Mostly positive with minor issues""}",4,True,Mostly positive experience,"{""predicted_stars"": 4, ""explanation"": ""Mostly positive experience""}",4,True,Generally positive with minor quality issue,"{""predicted_stars"": 4, ""explanation"": ""Generally positive with minor quality issue""}"
168,4,4,True,Mostly positive with minor issues,"{""predicted_stars"": 4, ""explanation"": ""Mostly positive with minor issues""}",4,True,Minor complaints exist,"{""predicted_stars"": 4, ""explanation"": ""Minor complaints exist""}",5,True,Excellent experience with minor room issues,"{""predicted_stars"": 5, ""explanation"": ""Excellent experience with minor room issues""}"
169,4,4,True,Mostly positive with minor issues,"{""predicted_stars"": 4, ""explanation"": ""Mostly positive with minor issues""}",4,True,Minor complaints overall,"{""predicted_stars"": 4, ""explanation"": ""Minor complaints overall""}",4,True,Mostly positive experience with minor issues,"{""predicted_stars"": 4, ""explanation"": ""Mostly positive experience with minor issues""}"
170,3,5,True,Reviewer recommends for kids.,"{""predicted_stars"": 5, ""explanation"": ""Reviewer recommends for kids.""}",4,True,Recommended for kids.,"{""predicted_stars"": 4, ""explanation"": ""Recommended for kids.""}",4,True,Positive experience for kids,"{""predicted_stars"": 4, ""explanation"": ""Positive experience for kids""}"
171,3,4,True,Mostly positive with minor issues,"{""predicted_stars"": 4, ""explanation"": ""Mostly positive with minor issues""}",4,True,Mostly positive experience,"{
    ""predicted_stars"": 4,
    ""explanation"": ""Mostly positive experience""
}",3,True,Mixed review with some positives and negatives.,"{""predicted_stars"": 3, ""explanation"": ""Mixed review with some positives and negatives.""}"
172,4,4,True,Mostly positive with minor issues,"{""predicted_stars"": 4, ""explanation"": ""Mostly positive with minor issues""}",4,True,"Great food, minor complaints","{""predicted_stars"": 4, ""explanation"": ""Great food, minor complaints""}",4,True,"Great food, minor atmosphere issues","{""predicted_stars"": 4, ""explanation"": ""Great food, minor atmosphere issues""}"
173,5,5,True,Extremely positive review with minor issues.,"{""predicted_stars"": 5, ""explanation"": ""Extremely positive review with minor issues.""}",5,True,Excellent tour experience,"{""predicted_stars"": 5, ""explanation"": ""Excellent tour experience""}",5,True,Glowing review with minor criticism,"{""predicted_stars"": 5, ""explanation"": ""Glowing review with minor criticism""}"
174,5,5,True,Extremely positive review.,"{""predicted_stars"": 5, ""explanation"": ""Extremely positive review.""}",5,True,Excellent service and experience,"{""predicted_stars"": 5, ""explanation"": ""Excellent service and experience""}",5,True,Exceptional experience with excellent service,"{""predicted_stars"": 5, ""explanation"": ""Exceptional experience with excellent service""}"
175,4,4,True,Mostly positive with minor issues,"{""predicted_stars"": 4, ""explanation"": ""Mostly positive with minor issues""}",4,True,Great food and service,"{""predicted_stars"": 4, ""explanation"": ""Great food and service""}",5,True,Very positive experience with great food,"{""predicted_stars"": 5, ""explanation"": ""Very positive experience with great food""}"
176,3,2,True,Reviewer found food overpriced.,"{""predicted_stars"": 2, ""explanation"": ""Reviewer found food overpriced.""}",2,True,Overpriced food,"{""predicted_stars"": 2, ""explanation"": ""Overpriced food""}",2,True,Negative review due to overpricing,"{""predicted_stars"": 2, ""explanation"": ""Negative review due to overpricing""}"
177,1,1,True,Very poor customer service.,"{""predicted_stars"": 1, ""explanation"": ""Very poor customer service.""}",1,True,Extremely poor service,"{""predicted_stars"": 1, ""explanation"": ""Extremely poor service""}",1,True,Extremely negative experience with poor service,"{""predicted_stars"": 1, ""explanation"": ""Extremely negative experience with poor service""}"
178,3,4,True,Mostly positive with minor issues,"{""predicted_stars"": 4, ""explanation"": ""Mostly positive with minor issues""}",4,True,"Minor complaints, mostly positive","{
    ""predicted_stars"": 4,
    ""explanation"": ""Minor complaints, mostly positive""
}",4,True,Mostly positive with minor issues,"{""predicted_stars"": 4, ""explanation"": ""Mostly positive with minor issues""}"
179,4,5,True,Reviewer enjoyed the place very much.,"{""predicted_stars"": 5, ""explanation"": ""Reviewer enjoyed the place very much.""}",5,True,Reviewer enjoyed experience,"{""predicted_stars"": 5, ""explanation"": ""Reviewer enjoyed experience""}",5,True,Very positive experience with no complaints.,"{""predicted_stars"": 5, ""explanation"": ""Very positive experience with no complaints.""}"
180,3,5,True,Review is extremely positive,"{""predicted_stars"": 5, ""explanation"": ""Review is extremely positive""}",5,True,All positive comments,"{""predicted_stars"": 5, ""explanation"": ""All positive comments""}",5,True,Very positive experience,"{""predicted_stars"": 5, ""explanation"": ""Very positive experience""}"
181,5,5,True,Extremely positive review,"{""predicted_stars"": 5, ""explanation"": ""Extremely positive review""}",5,True,Excellent service and value,"{
    ""predicted_stars"": 5,
    ""explanation"": ""Excellent service and value""
}",5,True,Excellent service and quality experience,"{""predicted_stars"": 5, ""explanation"": ""Excellent service and quality experience""}"
182,5,5,True,Reviewer loved happy hour menu,"{""predicted_stars"": 5, ""explanation"": ""Reviewer loved happy hour menu""}",5,True,Excellent happy hour,"{""predicted_stars"": 5, ""explanation"": ""Excellent happy hour""}",5,True,Excellent happy hour experience,"{""predicted_stars"": 5, ""explanation"": ""Excellent happy hour experience""}"
183,5,5,True,Extremely positive review,"{""predicted_stars"": 5, ""explanation"": ""Extremely positive review""}",5,True,Strongly recommended,"{""predicted_stars"": 5, ""explanation"": ""Strongly recommended""}",5,True,Extremely positive experience,"{""predicted_stars"": 5, ""explanation"": ""Extremely positive experience""}"
184,4,4,True,Mostly positive with minor issues,"{""predicted_stars"": 4, ""explanation"": ""Mostly positive with minor issues""}",4,True,"Good food, minor complaints","{""predicted_stars"": 4, ""explanation"": ""Good food, minor complaints""}",4,True,Positive experience with minor service issue,"{""predicted_stars"": 4, ""explanation"": ""Positive experience with minor service issue""}"
185,2,3,True,Mixed sentiment with some positivity,"{""predicted_stars"": 3, ""explanation"": ""Mixed sentiment with some positivity""}",3,True,Average experience expected,"{""predicted_stars"": 3, ""explanation"": ""Average experience expected""}",3,True,Neutral review with mild criticism,"{""predicted_stars"": 3, ""explanation"": ""Neutral review with mild criticism""}"
186,4,5,True,Overall very positive review,"{""predicted_stars"": 5, ""explanation"": ""Overall very positive review""}",4,True,Minor complaint,"{""predicted_stars"": 4, ""explanation"": ""Minor complaint""}",4,True,Mostly positive with minor issue,"{""predicted_stars"": 4, ""explanation"": ""Mostly positive with minor issue""}"
187,3,4,True,Mostly positive with minor issues,"{""predicted_stars"": 4, ""explanation"": ""Mostly positive with minor issues""}",4,True,"Good food, minor complaints","{
    ""predicted_stars"": 4,
    ""explanation"": ""Good food, minor complaints""
}",4,True,Generally positive with some minor issues,"{""predicted_stars"": 4, ""explanation"": ""Generally positive with some minor issues""}"
188,5,5,True,Extremely positive review.,"{""predicted_stars"": 5, ""explanation"": ""Extremely positive review.""}",5,True,Excellent service and food.,"{""predicted_stars"": 5, ""explanation"": ""Excellent service and food.""}",5,True,Extremely positive experience,"{""predicted_stars"": 5, ""explanation"": ""Extremely positive experience""}"
189,5,5,True,Excellent experience with great quality food,"{""predicted_stars"": 5, ""explanation"": ""Excellent experience with great quality food""}",5,True,Great quality food,"{""predicted_stars"": 5, ""explanation"": ""Great quality food""}",5,True,Excellent quality and value,"{""predicted_stars"": 5, ""explanation"": ""Excellent quality and value""}"
190,3,3,True,Mixed review with both positives and negatives.,"{""predicted_stars"": 3, ""explanation"": ""Mixed review with both positives and negatives.""}",3,True,Mixed food quality,"{""predicted_stars"": 3, ""explanation"": ""Mixed food quality""}",3,True,Mixed review with good service and average food,"{""predicted_stars"": 3, ""explanation"": ""Mixed review with good service and average food""}"
191,4,5,True,Reviewer had an excellent experience,"{""predicted_stars"": 5, ""explanation"": ""Reviewer had an excellent experience""}",5,True,Outstanding experience,"{""predicted_stars"": 5, ""explanation"": ""Outstanding experience""}",5,True,Outstanding experience with great food,"{""predicted_stars"": 5, ""explanation"": ""Outstanding experience with great food""}"
192,5,5,True,Extremely positive review,"{""predicted_stars"": 5, ""explanation"": ""Extremely positive review""}",5,True,Strongly recommended,"{""predicted_stars"": 5, ""explanation"": ""Strongly recommended""}",5,True,Extremely positive experience,"{""predicted_stars"": 5, ""explanation"": ""Extremely positive experience""}"
193,3,4,True,Mostly positive with minor issues,"{""predicted_stars"": 4, ""explanation"": ""Mostly positive with minor issues""}",4,True,Good coffee and food.,"{
    ""predicted_stars"": 4,
    ""explanation"": ""Good coffee and food.""
}",4,True,Generally positive with minor atmosphere issue,"{""predicted_stars"": 4, ""explanation"": ""Generally positive with minor atmosphere issue""}"
194,5,5,True,Reviewer loves the place.,"{""predicted_stars"": 5, ""explanation"": ""Reviewer loves the place.""}",5,True,Reviewer loves the place,"{""predicted_stars"": 5, ""explanation"": ""Reviewer loves the place""}",5,True,Strongly positive experience,"{""predicted_stars"": 5, ""explanation"": ""Strongly positive experience""}"
195,4,5,True,Reviewer loves Apple products.,"{""predicted_stars"": 5, ""explanation"": ""Reviewer loves Apple products.""}",5,True,Loves Apple products,"{""predicted_stars"": 5, ""explanation"": ""Loves Apple products""}",5,True,Very positive experience with Apple products,"{""predicted_stars"": 5, ""explanation"": ""Very positive experience with Apple products""}"
196,4,5,True,Extremely positive review.,"{""predicted_stars"": 5, ""explanation"": ""Extremely positive review.""}",5,True,Excellent food and value,"{""predicted_stars"": 5, ""explanation"": ""Excellent food and value""}",5,True,Excellent experience with no complaints.,"{""predicted_stars"": 5, ""explanation"": ""Excellent experience with no complaints.""}"
197,3,5,True,Extremely positive review overall.,"{""predicted_stars"": 5, ""explanation"": ""Extremely positive review overall.""}",4,True,Great food and service,"{""predicted_stars"": 4, ""explanation"": ""Great food and service""}",5,True,Excellent traditional mexican food experience,"{""predicted_stars"": 5, ""explanation"": ""Excellent traditional mexican food experience""}"
198,4,5,True,Excellent food and service.,"{""predicted_stars"": 5, ""explanation"": ""Excellent food and service.""}",5,True,Excellent food and service.,"{""predicted_stars"": 5, ""explanation"": ""Excellent food and service.""}",5,True,Excellent food and service experience,"{""predicted_stars"": 5, ""explanation"": ""Excellent food and service experience""}"
199,5,5,True,Reviewer loves the place,"{""predicted_stars"": 5, ""explanation"": ""Reviewer loves the place""}",5,True,Fantastic experience,"{""predicted_stars"": 5, ""explanation"": ""Fantastic experience""}",5,True,Extremely positive experience with no complaints.,"{""predicted_stars"": 5, ""explanation"": ""Extremely positive experience with no complaints.""}"
